País,Código,Número,Nome
Host Country Emblem,FWC,6,Canada
Host Country Emblem,FWC,7,Mexico
Host Country Emblem,FWC,8,USA
Algeria,ALG,1,Emblem
Algeria,ALG,2,Alexis Guendouz
Algeria,ALG,3,Ramy Bensebaini
Algeria,ALG,4,Youcef Atal
Algeria,ALG,5,Rayan Aït-Nouri
Algeria,ALG,6,Mohamed Amine Tougai
Algeria,ALG,7,Aïssa Mandi
Algeria,ALG,8,Ismael Bennacer
Algeria,ALG,9,Houssem Aquar
Algeria,ALG,10,Hicham Boudaoui
Algeria,ALG,11,Ramiz Zerrouki
Algeria,ALG,12,Nabil Bentalab
Algeria,ALG,13,Team Photo
Algeria,ALG,14,Farés Chaibi
Algeria,ALG,15,Riyad Mahrez
Algeria,ALG,16,Said Benrhama
Algeria,ALG,17,Anis Hadj Moussa
Algeria,ALG,18,Amine Gouiri
Algeria,ALG,19,Baghdad Bounedjah
Algeria,ALG,20,Mohammed Amoura
Argentina,ARG,1,Emblem
Argentina,ARG,2,Emiliano Martinez
Argentina,ARG,3,Nahuel Molina
Argentina,ARG,4,Cristian Romero
Argentina,ARG,5,Nicolas Otamendi
Argentina,ARG,6,Nicolas Tagliafico
Argentina,ARG,7,Leonardo Balerdi
Argentina,ARG,8,Enzo Fernandez
Argentina,ARG,9,Alexis Mac Allister
Argentina,ARG,10,Rodrigo De Paul
Argentina,ARG,11,Exequiel Palacios
Argentina,ARG,12,Leandro Paredes
Argentina,ARG,13,Team Photo
Argentina,ARG,14,Nico Paz
Argentina,ARG,15,Franco Mastantuono
Argentina,ARG,16,Nico Gonzalez
Argentina,ARG,17,Lionel Messi
Argentina,ARG,18,Lautaro Martinez
Argentina,ARG,19,Julian Alvarez
Argentina,ARG,20,Giuliano Simeone
Australia,AUS,1,Emblem
Australia,AUS,2,Mathew Ryan
Australia,AUS,3,Joe Gauci
Australia,AUS,4,Harry Souttar
Australia,AUS,5,Alessandro Circati
Australia,AUS,6,Jordan Bos
Australia,AUS,7,Aziz Behich
Australia,AUS,8,Cameron Burgess
Australia,AUS,9,Lewis Miller
Australia,AUS,10,Milos Degenek
Australia,AUS,11,Jackson Irvine
Australia,AUS,12,Riley McGree
Australia,AUS,13,Team Photo
Australia,AUS,14,Aiden O'Neill
Australia,AUS,15,Connor Metcalfe
Australia,AUS,16,Patrick Yazbek
Australia,AUS,17,Craig Goodwin
Australia,AUS,18,Kusini Vengi
Australia,AUS,19,Nestory Irankunda
Australia,AUS,20,Mohamed Touré
Austria,AUT,1,Emblem
Austria,AUT,2,Alexander Schlager
Austria,AUT,3,Patrick Pentz
Austria,AUT,4,David Alaba
Austria,AUT,5,Kevin Danso
Austria,AUT,6,Philipp Lienhart
Austria,AUT,7,Stefan Bosch
Austria,AUT,8,Phillipp Mwene
Austria,AUT,9,Alexander Prass
Austria,AUT,10,Xavier Schlager
Austria,AUT,11,Marcel Sabitzer
Austria,AUT,12,Konrad Laimer
Austria,AUT,13,Team Photo
Austria,AUT,14,Florian Grillitsch
Austria,AUT,15,Nicolas Seiwald
Austria,AUT,16,Romano Schmid
Austria,AUT,17,Patrick Wimmer
Austria,AUT,18,Christoph Baumgartner
Austria,AUT,19,Michael Gregoritsch
Austria,AUT,20,Marko Arnautović
Belgium,BEL,1,Emblem
Belgium,BEL,2,Thibaut Courtois
Belgium,BEL,3,Arthur Theate
Belgium,BEL,4,Timothy Castagne
Belgium,BEL,5,Zeno Debast
Belgium,BEL,6,Brandon Mechele
Belgium,BEL,7,Maxim De Cuyper
Belgium,BEL,8,Thomas Meunier
Belgium,BEL,9,Youri Tielemans
Belgium,BEL,10,Amadou Onana
Belgium,BEL,11,Nicolas Raskin
Belgium,BEL,12,Alexis Saelemaekers
Belgium,BEL,13,Team Photo
Belgium,BEL,14,Hans Vanaken
Belgium,BEL,15,Kevin De Bruyne
Belgium,BEL,16,Jérémy Doku
Belgium,BEL,17,Charles De Ketelaere
Belgium,BEL,18,Leandro Trossard
Belgium,BEL,19,Loïs Openda
Belgium,BEL,20,Romelu Lukaku
Bosnia and Herzegovina,BIH,1,Emblem
Bosnia and Herzegovina,BIH,2,Nikola Vasilj
Bosnia and Herzegovina,BIH,3,Amer Dedic
Bosnia and Herzegovina,BIH,4,Sead Kolasinac
Bosnia and Herzegovina,BIH,5,Tarik Muharemovic
Bosnia and Herzegovina,BIH,6,Nihad Mujakic
Bosnia and Herzegovina,BIH,7,Nikola Katic
Bosnia and Herzegovina,BIH,8,Amir Hadziahmetovic
Bosnia and Herzegovina,BIH,9,Benjamin Tahirovic
Bosnia and Herzegovina,BIH,10,Armin Gigovic
Bosnia and Herzegovina,BIH,11,Ivan Sunjic
Bosnia and Herzegovina,BIH,12,Ivan Basic
Bosnia and Herzegovina,BIH,13,Team Photo
Bosnia and Herzegovina,BIH,14,Dzenis Burnic
Bosnia and Herzegovina,BIH,15,Esmir Bajraktarevic
Bosnia and Herzegovina,BIH,16,Amar Memic
Bosnia and Herzegovina,BIH,17,Ermedin Demirovic
Bosnia and Herzegovina,BIH,18,Edin Dzeko
Bosnia and Herzegovina,BIH,19,Samed Bazdar
Bosnia and Herzegovina,BIH,20,Haris Tabakovic
Brazil,BRA,1,Emblem
Brazil,BRA,2,Alisson
Brazil,BRA,3,Bento
Brazil,BRA,4,Marquinhos
Brazil,BRA,5,Éder Militão
Brazil,BRA,6,Gabriel Magalhães
Brazil,BRA,7,Danilo
Brazil,BRA,8,Wesley
Brazil,BRA,9,Lucas Paquetá
Brazil,BRA,10,Casemiro
Brazil,BRA,11,Bruno Guimarães
Brazil,BRA,12,Luiz Henrique
Brazil,BRA,13,Team Photo
Brazil,BRA,14,Vinicius Júnior
Brazil,BRA,15,Rodrygo
Brazil,BRA,16,João Pedro
Brazil,BRA,17,Matheus Cunha
Brazil,BRA,18,Gabriel Martinelli
Brazil,BRA,19,Raphinha
Brazil,BRA,20,Estévão
Canada,CAN,1,Emblem
Canada,CAN,2,Dayne St.Clair
Canada,CAN,3,Alphonso Davies
Canada,CAN,4,Alistair Johnston
Canada,CAN,5,Samuel Adekugbe
Canada,CAN,6,Riche Larvea
Canada,CAN,7,Derek Cornelius
Canada,CAN,8,Moïse Bombito
Canada,CAN,9,Kamal Miller
Canada,CAN,10,Stephen Eustáquio
Canada,CAN,11,Ismaël Koné
Canada,CAN,12,Jonathan Osorio
Canada,CAN,13,Team Photo
Canada,CAN,14,Jacob Shaffelburg
Canada,CAN,15,Mathieu Choinière
Canada,CAN,16,Niko Sigur
Canada,CAN,17,Tajon Buchanan
Canada,CAN,18,Liam Millar
Canada,CAN,19,Cyle Larin
Canada,CAN,20,Jonathan David
Ivory Coast,CIV,1,Emblem
Ivory Coast,CIV,2,Yahia Fofana
Ivory Coast,CIV,3,Ghislain Konan
Ivory Coast,CIV,4,Wilfried Singo
Ivory Coast,CIV,5,Odilon Kossounou
Ivory Coast,CIV,6,Evan Ndicka
Ivory Coast,CIV,7,Willy Boly
Ivory Coast,CIV,8,Emmanuel Agbadou
Ivory Coast,CIV,9,Ousmane Diomande
Ivory Coast,CIV,10,Franck Kessie
Ivory Coast,CIV,11,Seko Fofana
Ivory Coast,CIV,12,Ibrahim Sangare
Ivory Coast,CIV,13,Team Photo
Ivory Coast,CIV,14,Jean-Philippe Gbamin
Ivory Coast,CIV,15,Amad Diallo
Ivory Coast,CIV,16,Sébastien Haller
Ivory Coast,CIV,17,Simon Adringa
Ivory Coast,CIV,18,Yan Diomande
Ivory Coast,CIV,19,Evann Guessand
Ivory Coast,CIV,20,Oumar Diakite
Congo DR,COD,1,Emblem
Congo DR,COD,2,Lionel Mpasi
Congo DR,COD,3,Aaron Wan-Bissaka
Congo DR,COD,4,Axel Tuanzebe
Congo DR,COD,5,Arthur Masuaku
Congo DR,COD,6,Chancel Mbemba
Congo DR,COD,7,Joris Kayembe
Congo DR,COD,8,Charles Pickel
Congo DR,COD,9,Ngal'ayel Mukau
Congo DR,COD,10,Edo Kayembe
Congo DR,COD,11,Samuel Moutoussamy
Congo DR,COD,12,Noah Sadiki
Congo DR,COD,13,Team Photo
Congo DR,COD,14,Théo Bongonda
Congo DR,COD,15,Meschak Elia
Congo DR,COD,16,Yoane Wissa
Congo DR,COD,17,Brian Cipenga
Congo DR,COD,18,Fiston Mayele
Congo DR,COD,19,Cédric Bakambu
Congo DR,COD,20,Nathanaël Mbuku
Colombia,COL,1,Emblem
Colombia,COL,2,Camilo Vargas
Colombia,COL,3,David Ospina
Colombia,COL,4,Dávinson Sánchez
Colombia,COL,5,Yerry Mina
Colombia,COL,6,Daniel Munoz
Colombia,COL,7,Johan Mojica
Colombia,COL,8,Jhon Lucumí
Colombia,COL,9,Santiago Arias
Colombia,COL,10,Jefferson Lerma
Colombia,COL,11,Kevin Castaño
Colombia,COL,12,Richard Rios
Colombia,COL,13,Team Photo
Colombia,COL,14,James Rodriguez
Colombia,COL,15,Juan Fernando Quintero
Colombia,COL,16,Jorge Carrascal
Colombia,COL,17,Jhon Arias
Colombia,COL,18,Jhon Cordova
Colombia,COL,19,Luis Suarez
Colombia,COL,20,Luis Diaz
Cape Verde,CPV,1,Emblem
Cape Verde,CPV,2,Vozinha
Cape Verde,CPV,3,Logan Costa
Cape Verde,CPV,4,Pico
Cape Verde,CPV,5,Diney
Cape Verde,CPV,6,Steven Moreira
Cape Verde,CPV,7,Wagner Pina
Cape Verde,CPV,8,Joao Paulo
Cape Verde,CPV,9,Yannick Semedo
Cape Verde,CPV,10,Kevin Pina
Cape Verde,CPV,11,Patrick Andrade
Cape Verde,CPV,12,Jamiro Monteiro
Cape Verde,CPV,13,Team Photo
Cape Verde,CPV,14,Deroy Duarte
Cape Verde,CPV,15,Garry Rodrigues
Cape Verde,CPV,16,Jovane Cabral
Cape Verde,CPV,17,Ryan Mendes
Cape Verde,CPV,18,Dailon Livramento
Cape Verde,CPV,19,Willy Semedo
Cape Verde,CPV,20,Bebe
Croatia,CRO,1,Emblem
Croatia,CRO,2,Dominik Livaković
Croatia,CRO,3,Duje Caleta-Car
Croatia,CRO,4,Josko Gvardiol
Croatia,CRO,5,Josip Stanišić
Croatia,CRO,6,Luka Vušković
Croatia,CRO,7,Josip Sutalo
Croatia,CRO,8,Kristijan Jakic
Croatia,CRO,9,Luka Modrić
Croatia,CRO,10,Mateo Kovacic
Croatia,CRO,11,Martin Baturina
Croatia,CRO,12,Lovro Majer
Croatia,CRO,13,Team Photo
Croatia,CRO,14,Mario Pasalic
Croatia,CRO,15,Petar Sucic
Croatia,CRO,16,Ivan Perišić
Croatia,CRO,17,Marco Pasalic
Croatia,CRO,18,Ante Budimir
Croatia,CRO,19,Andrej Kramarić
Croatia,CRO,20,Franjo Ivanovic
Curaçao,CUW,1,Emblem
Curaçao,CUW,2,Eloy Room
Curaçao,CUW,3,Armando Obispo
Curaçao,CUW,4,Sherel Floranus
Curaçao,CUW,5,Jurien Gaari
Curaçao,CUW,6,Joshua Brenet
Curaçao,CUW,7,Roshon Van Eijma
Curaçao,CUW,8,Shurandy Sambo
Curaçao,CUW,9,Livano Comenencia
Curaçao,CUW,10,Godfried Roemeratoe
Curaçao,CUW,11,Juninho Bacuna
Curaçao,CUW,11,Leandro Bacuna
Curaçao,CUW,13,Team Photo
Curaçao,CUW,14,Tahith Chong
Curaçao,CUW,15,Kenji Gorre
Curaçao,CUW,16,Jearl Margaritha
Curaçao,CUW,17,Jurgen Locadia
Curaçao,CUW,18,Jeremy Antonisse
Curaçao,CUW,19,Gervane Kastaneer
Curaçao,CUW,20,Sontje Hansen
Czechia,CZE,1,Emblem
Czechia,CZE,2,Matej Kovar
Czechia,CZE,3,Jindrich Stanek
Czechia,CZE,4,Ladislav Krejci
Czechia,CZE,5,Vladimir Coufal
Czechia,CZE,6,Jaroslav Zeleny
Czechia,CZE,7,Tomas Holes
Czechia,CZE,8,David Zima
Czechia,CZE,9,Michal Sadilek
Czechia,CZE,10,Lukas Provod
Czechia,CZE,11,Lukas Cerv
Czechia,CZE,12,Tomas Soucek
Czechia,CZE,13,Team Photo
Czechia,CZE,14,Pavel Sulc
Czechia,CZE,15,Matej Vydra
Czechia,CZE,16,Vasil Kusej
Czechia,CZE,17,Tomas Chory
Czechia,CZE,18,Vacilav Cerny
Czechia,CZE,19,Adam Hlozek
Czechia,CZE,20,Patrik Schick
Ecuador,ECU,1,Emblem
Ecuador,ECU,2,Hernán Galíndez
Ecuador,ECU,3,Gonzalo Valle
Ecuador,ECU,4,Piero Hincapié
Ecuador,ECU,5,Pervis Estupiñán
Ecuador,ECU,6,Willian Pacho
Ecuador,ECU,7,Ángelo Preciado
Ecuador,ECU,8,Joel Ordóñez
Ecuador,ECU,9,Moises Caicedo
Ecuador,ECU,10,Alan Franco
Ecuador,ECU,11,Kendry Paez
Ecuador,ECU,12,Pedro Vite
Ecuador,ECU,13,Team Photo
Ecuador,ECU,14,John Veboah
Ecuador,ECU,15,Leonardo Campana
Ecuador,ECU,16,Gonzalo Plata
Ecuador,ECU,17,Nilson Angulo
Ecuador,ECU,18,Alan Minda
Ecuador,ECU,19,Kevin Rodriguez
Ecuador,ECU,20,Enner Valencia
Egypt,EGY,1,Emblem
Egypt,EGY,2,Mohamed El Shenawy
Egypt,EGY,3,Mohamed Hany
Egypt,EGY,4,Mohamed Hamdy
Egypt,EGY,5,Yasser Ibrahim
Egypt,EGY,6,Khaled Sobhi
Egypt,EGY,7,Ramy Rabia
Egypt,EGY,8,Hossam Abdelmaguid
Egypt,EGY,9,Ahmed Fatouh
Egypt,EGY,10,Marwan Attia
Egypt,EGY,11,Zizo
Egypt,EGY,12,Hamdy Fathy
Egypt,EGY,13,Team Photo
Egypt,EGY,14,Mohamed Lasheen
Egypt,EGY,15,Emam Ashour
Egypt,EGY,16,Osama Faisal
Egypt,EGY,17,Mohamed Salah
Egypt,EGY,18,Mostafa Mohamed
Egypt,EGY,19,Trezeguet
Egypt,EGY,20,Omar Marsmoush
England,ENG,1,Emblem
England,ENG,2,Jordan Pickford
England,ENG,3,John Stones
England,ENG,4,Maric Guéhi
England,ENG,5,Ezri Konsa
England,ENG,6,Trent Alexander-Arnold
England,ENG,7,Reece James
England,ENG,8,Dan Burn
England,ENG,9,Jordan Henderson
England,ENG,10,Declan Rice
England,ENG,11,Jude Bellingham
England,ENG,12,Cole Palmer
England,ENG,13,Team Photo
England,ENG,14,Morgan Rogers
England,ENG,15,Anthony Gordon
England,ENG,16,Phil Foden
England,ENG,17,Bukayo Saka
England,ENG,18,Harry Kane
England,ENG,19,Marcus Rashford
England,ENG,20,Ollie Watkins
Spain,ESP,1,Emblem
Spain,ESP,2,Unai Simon
Spain,ESP,3,Robin Le Normand
Spain,ESP,4,Aymeric Laporte
Spain,ESP,5,Dean Huijsen
Spain,ESP,6,Pedro Porro
Spain,ESP,7,Dani Carvajal
Spain,ESP,8,Marc Cucurella
Spain,ESP,9,Martín Zubimendi
Spain,ESP,10,Rodri
Spain,ESP,11,Pedri
Spain,ESP,12,Fabian Ruiz
Spain,ESP,13,Team Photo
Spain,ESP,14,Mikel Merino
Spain,ESP,15,Lamine Yamal
Spain,ESP,16,Dani Olmo
Spain,ESP,17,Nico Williams
Spain,ESP,18,Ferran Torres
Spain,ESP,19,Álvaro Morata
Spain,ESP,20,Mikel Oyarzabal
France,FRA,1,Emblem
France,FRA,2,Mike Maignan
France,FRA,3,Theo Hernandez
France,FRA,4,William Saliba
France,FRA,5,Jules Kounde
France,FRA,6,Ibrahima Konate
France,FRA,7,Dayot Upamecano
France,FRA,8,Lucas Digne
France,FRA,9,Aurélien Tchouaméni
France,FRA,10,Eduardo Camavinga
France,FRA,11,Manu Kone
France,FRA,12,Adrien Rabiot
France,FRA,13,Team Photo
France,FRA,14,Michael Olise
France,FRA,15,Ousmane Dembele
France,FRA,16,Bradley Barcola
France,FRA,17,Désiré Doué
France,FRA,18,Kingsley Coman
France,FRA,19,Hugo Ekitike
France,FRA,20,Kylian Mbappe
Germany,GER,1,Emblem
Germany,GER,2,Marc-André ter Stegen
Germany,GER,3,Jonathan Tah
Germany,GER,4,David Raum
Germany,GER,5,Nico Schlotterbeck
Germany,GER,6,Antonio Rüdiger
Germany,GER,7,Waldemar Anton
Germany,GER,8,Ridle Baku
Germany,GER,9,Maximilian Mittelstadt
Germany,GER,10,Joshua Kimmich
Germany,GER,11,Florian Wirtz
Germany,GER,12,Felix Nmecha
Germany,GER,13,Team Photo
Germany,GER,14,Leon Goretzka
Germany,GER,15,Jamal Musiala
Germany,GER,16,Serge Gnabry
Germany,GER,17,Kai Havertz
Germany,GER,18,Leroy Sane
Germany,GER,19,Karim Adeyemi
Germany,GER,20,Nick Woltemade
Ghana,GHA,1,Emblem
Ghana,GHA,2,Lawrence Ati Zigi
Ghana,GHA,3,Tariq Lamptey
Ghana,GHA,4,Mohammed Salisu
Ghana,GHA,5,Alidu Seidu
Ghana,GHA,6,Alexander Djiku
Ghana,GHA,7,Gideon Mensah
Ghana,GHA,8,Caleb Yirenkyi
Ghana,GHA,9,Abdul Issahaku Fatawu
Ghana,GHA,10,Thomas Partey
Ghana,GHA,11,Salis Abdul Samed
Ghana,GHA,12,Kamaldeen Sulemana
Ghana,GHA,13,Team Photo
Ghana,GHA,14,Mohammed Kudus
Ghana,GHA,15,Inaki Williams
Ghana,GHA,16,Jordan Ayew
Ghana,GHA,17,Andrew Ayew
Ghana,GHA,18,Joseph Paintsil
Ghana,GHA,19,Osman Bukari
Ghana,GHA,20,Antoine Semenyo
Haiti,HAI,1,Emblem
Haiti,HAI,2,Johny Placide
Haiti,HAI,3,Carlens Arcus
Haiti,HAI,4,Martin Expérience
Haiti,HAI,5,Jean-Kevin Duverne
Haiti,HAI,6,Ricardo Adé
Haiti,HAI,7,Duke Lacroix
Haiti,HAI,8,Garven Metusala
Haiti,HAI,9,Hannes Delcroix
Haiti,HAI,10,Leverton Pierre
Haiti,HAI,11,Danley Jean Jacques
Haiti,HAI,12,Jean-Ricner Bellegarde
Haiti,HAI,13,Team Photo
Haiti,HAI,14,Christopher Attys
Haiti,HAI,15,Derrick Etienne Jr.
Haiti,HAI,16,Josue Casimir
Haiti,HAI,17,Ruben Providence
Haiti,HAI,18,Duckens Nazon
Haiti,HAI,19,Louicius Deedson
Haiti,HAI,20,Frantzdy Pierrot
Iran,IRN,1,Emblem
Iran,IRN,2,Alirez Beiranvand
Iran,IRN,3,Morteza Pouraliganji
Iran,IRN,4,Ehsan Hajsafi
Iran,IRN,5,Milad Mohammadi
Iran,IRN,6,Shojae Khalilzadeh
Iran,IRN,7,Ramin Rezaeian
Iran,IRN,8,Hossein Kanaani
Iran,IRN,9,Sadegh Moharrami
Iran,IRN,10,Saleh Hardani
Iran,IRN,11,Saeed Ezatolahi
Iran,IRN,12,Saman Ghoddos
Iran,IRN,13,Team Photo
Iran,IRN,14,Omid Noorafkan
Iran,IRN,15,Roozbeh Cheshmi
Iran,IRN,16,Mohammad Mohebi
Iran,IRN,17,Sardar Azmoun
Iran,IRN,18,Mehdi Taremi
Iran,IRN,19,Alireza Jahanbakhsh
Iran,IRN,20,Ali Gholizadeh
Iraq,IRQ,1,Emblem
Iraq,IRQ,2,Jalal Hassan
Iraq,IRQ,3,Rebin Sulaka
Iraq,IRQ,4,Hussein Ali
Iraq,IRQ,5,Akam Hashem
Iraq,IRQ,6,Merchas Doski
Iraq,IRQ,7,Zaid Tahseen
Iraq,IRQ,8,Manaf Younis
Iraq,IRQ,9,Zidane Iqbal
Iraq,IRQ,10,Amir Al-Ammari
Iraq,IRQ,11,Ibrahim Bavesh
Iraq,IRQ,12,Ali Jasim
Iraq,IRQ,13,Team Photo
Iraq,IRQ,14,Youssef Amyn
Iraq,IRQ,15,Aimar Sher
Iraq,IRQ,16,Marko Farji
Iraq,IRQ,17,Osama Rashid
Iraq,IRQ,18,Ali Al-Hamadi
Iraq,IRQ,19,Aymen Hussein
Iraq,IRQ,20,Mohanad Ali
Jordan,JOR,1,Emblem
Jordan,JOR,2,Yazeed Abulaila
Jordan,JOR,3,Ihsan Haddad
Jordan,JOR,4,Mohammad Abu Hashish
Jordan,JOR,5,Yazan Al-Arab
Jordan,JOR,6,Abdallah Nasib
Jordan,JOR,7,Saleem Obaid
Jordan,JOR,8,Mohammad Abualnadi
Jordan,JOR,9,Ibrahim Saadeh
Jordan,JOR,10,Nizar Al-Rashdan
Jordan,JOR,11,Noor Al-Rawabdeh
Jordan,JOR,12,Mohannad Abu Taha
Jordan,JOR,13,Team Photo
Jordan,JOR,14,Amer Jamous
Jordan,JOR,15,Mousa Al-Taamari
Jordan,JOR,16,Yazan Al-Naimat
Jordan,JOR,17,Mahmoud Al-Mardi
Jordan,JOR,18,Ali Olwan
Jordan,JOR,19,Mohammad Abu Zrayq
Jordan,JOR,20,Ibrahim Sabra
Japan,JPN,1,Emblem
Japan,JPN,2,Zion Suzuki
Japan,JPN,3,Henry Heroki Mochizuki
Japan,JPN,4,Ayumu Seko
Japan,JPN,5,Junnosuke Suzuki
Japan,JPN,6,Shogo Taniguchi
Japan,JPN,7,Tsuyoshi Watanabe
Japan,JPN,8,Kaishu Sano
Japan,JPN,9,Yuki Soma
Japan,JPN,10,Ao Tanaka
Japan,JPN,11,Daichi Kamada
Japan,JPN,12,Takefusa Kubo
Japan,JPN,13,Team Photo
Japan,JPN,14,Ritsu Doan
Japan,JPN,15,Keito Nakamura
Japan,JPN,16,Takumi Minamino
Japan,JPN,17,Shuto Machino
Japan,JPN,18,Junya Ito
Japan,JPN,19,Koki Ogawa
Japan,JPN,20,Ayase Ueda
South Korea,KOR,1,Emblem
South Korea,KOR,2,Hyeon-woo Jo
South Korea,KOR,3,Seung-Gyu Kim
South Korea,KOR,4,Min-jae Kim
South Korea,KOR,5,Yu-min Cho
South Korea,KOR,6,Young-woo Seol
South Korea,KOR,7,Han-beom Lee
South Korea,KOR,8,Tae-seok Lee
South Korea,KOR,9,Myung-jae Lee
South Korea,KOR,10,Jae-sung Lee
South Korea,KOR,11,In-beom Hwang
South Korea,KOR,12,Kang-in Lee
South Korea,KOR,13,Team Photo
South Korea,KOR,14,Seung-ho Paik
South Korea,KOR,15,Jens Castrop
South Korea,KOR,16,Dongg-yeong Lee
South Korea,KOR,17,Gue-sung Cho
South Korea,KOR,18,Heung-min Son
South Korea,KOR,19,Hee-chan Hwang
South Korea,KOR,20,Hyeon-Gyu Oh
Saudi Arabia,KSA,1,Emblem
Saudi Arabia,KSA,2,Nawaf Alaqidi
Saudi Arabia,KSA,3,Abdulrahman Al-Sanbi
Saudi Arabia,KSA,4,Saud Abdulhamid
Saudi Arabia,KSA,5,Nawaf Bouwashl
Saudi Arabia,KSA,6,Jihad Thakri
Saudi Arabia,KSA,7,Moteb Al-Harbi
Saudi Arabia,KSA,8,Hassan Altambakti
Saudi Arabia,KSA,9,Musab Aljuwayr
Saudi Arabia,KSA,10,Ziyad Aljohani
Saudi Arabia,KSA,11,Abdullah Alkhaibari
"Saudi Arabia
KSA-13.  Team Photo Saudi Arabia",KAS,12,Nasser Aldawsari
Saudi Arabia,KSA,14,Saleh Abu Alshamat
Saudi Arabia,KSA,15,Marwan Alsahafi
Saudi Arabia,KSA,16,Salem Aldawsari
Saudi Arabia,KSA,17,Abdulrahman Al-Aboud
Saudi Arabia,KSA,18,Feras Akbrikan
Saudi Arabia,KSA,19,Saleh Alshehri
Saudi Arabia,KSA,20,Abdullah Al-Hamdan
Morocco,MAR,1,Emblem
Morocco,MAR,2,Yassine Bounou
Morrocco,MAR,3,Munir El Kajoui
Morocco,MAR,4,Achraf Hakimi
Morocco,MAR,5,Noussair Mazraoui
Morocco,MAR,6,Nayef Aguerd
Morocco,MAR,7,Roman Saiss
Morocco,MAR,8,Jawad El Yamio
Morocco,MAR,9,Adam Masina
Morocco,MAR,10,Sofyan Amrabat
Morrocco,MAR,11,Azzedine Ounahi
Morocco,MAR,12,Eliesse Ben Seghir
Morocco,MAR,13,Team Photo
Morocco,MAR,14,Bilal El Khannouss
Morocco,MAR,15,Ismael Saibari
Morocco,MAR,16,Youssef En-Nesyri
Morocco,MAR,17,Abde Ezzalzouli
Morocco,MAR,18,Soufiane Rahimi
Morocco,MAR,19,Brahim Diaz
Morocco,MAR,20,Ayoub El Kaabi
Mexico,MEX,1,Emblem
Mexico,MEX,2,Luis Malagón
Mexico,MEX,3,Johan Vasquez
Mexico,MEX,4,Jorge Sánchez
Mexico,MEX,5,Cesar Montes
Mexico,MEX,6,Jesus Gallardo
Mexico,MEX,7,Israel Reyes
Mexico,MEX,8,Diego Lainez
Mexico,MEX,9,Carlos Rodriguez
Mexico,MEX,10,Edson Alvarez
Mexico,MEX,11,Orbelin Pineda
Mexico,MEX,12,Marcel Ruiz
Mexico,MEX,13,Team Photo
Mexico,MEX,14,Érick Sánchez
Mexico,MEX,15,Hirving Lozano
Mexico,MEX,16,Santiago Giménez
Mexico,MEX,17,Raúl Jiménez
Mexico,MEX,18,Alexis Vega
Mexico,MEX,19,Roberto Alvarado
Mexico,MEX,20,Cesar Huerta
Netherlands,NED,1,Emblem
Netherlands,NED,2,Bart Verbruggen
Netherlands,NED,3,Virgil van Dijk
Netherlands,NED,4,Micky van de Ven
Netherlands,NED,5,Jurien Timber
Netherlands,NED,6,Denzel Dumfries
Netherlands,NED,7,Nathan Aké
Netherlands,NED,8,Jereme Frimpong
Netherlands,NED,9,Jan Paul van Hecke
Netherlands,NED,10,Tijjani Reijnders
Netherlands,NED,11,Ryan Gravenberch
Netherlands,NED,12,Teun Koopmeiners
Netherlands,NED,13,Team Photo
Netherlands,NED,14,Frenkie de Jong
Netherlands,NED,15,Xavi Simons
Netherlands,NED,16,Justin Kluivert
Netherlands,NED,17,Memphis Depay
Netherlands,NED,18,Donyell Malen
Netherlands,NED,19,Wout Weghorst
Netherlands,NED,20,Cody Gakpo
Norway,NOR,1,Emblem
Norway,NOR,2,Orjan Nyland
Norway,NOR,3,Julian Ryerson
Norway,NOR,4,Leo Ostigård
Norway,NOR,5,Kristoffer Vassbakk Ajer
Norway,NOR,6,Marcus Holmgren Pedersen
Norway,NOR,7,David Møller Wolfe
Norway,NOR,8,Torbjørn Heggem
Norway,NOR,9,Morten Thorsby
Norway,NOR,10,Martin Ødegaard
Norway,NOR,11,Sander Berge
Norway,NOR,12,Andreas Schjelderup
Norway,NOR,13,Team Photo
Norway,NOR,14,Patrick Berg
Norway,NOR,15,Erling Haaland
Norway,NOR,16,Alexander Sørloth
Norway,NOR,17,Aron Dønnum
Norway,NOR,18,Jorgen Strand Larsen
Norway,NOR,19,Antonio Nusa
Norway,NOR,20,Oscar Bobb
New Zealand,NZL,1,Emblem
New Zealand,NZL,2,Max Crocombe Payne
New Zealand,NZL,3,Alex Paulsen
New Zealand,NZL,4,Michael Boxall
New Zealand,NZL,5,Liberato Cacace
New Zealand,NZL,6,Tim Payne
New Zealand,NZL,7,Tyler Bindon
New Zealand,NZL,8,Francis de Vries
New Zealand,NZL,9,Finn Surman
New Zealand,NZL,10,Joe Bell
New Zealand,NZL,11,Sarpreet Singh
New Zealand,NZL,12,Ryan Thomas
New Zealand,NZL,13,Team Photo
New Zealand,NZL,14,Matthew Garbett
New Zealand,NZL,15,Marko Stamenić
New Zealand,NZL,16,Ben Old
New Zealand,NZL,17,Chris Wood
New Zealand,NZL,18,Elijah Just
New Zealand,NZL,19,Callum McCowatt
New Zealand,NZL,20,Kosta Barbarouses
Panama,PAN,1,Emblem
Panama,PAN,2,Orlando Mosquera
Panama,PAN,3,Luis Mejia
Panama,PAN,4,Fidel Escobar
Panama,PAN,5,Andres Andrade
Panama,PAN,6,Michael Amir Murillo
Panama,PAN,7,Eric Davis
Panama,PAN,8,Jose Cordoba
Panama,PAN,9,Cesar Blackman
Panama,PAN,10,Cristian Martinez
Panama,PAN,11,Aníbal Godoy
Panama,PAN,12,Adalberto Carrasquilla
Panama,PAN,13,Team Photo
Panama,PAN,14,Édgar Bárcenas
Panama,PAN,15,Carlos Harvey
Panama,PAN,16,Ismael Díaz
Panama,PAN,17,Jose Fajardo
Panama,PAN,18,Cecilio Waterman
Panama,PAN,19,Jose Luiz Rodriguez
Panama,PAN,20,Alberto Quintero
Paraguay,PAR,1,Emblem
Paraguay,PAR,2,Roberto Fernandez
Paraguay,PAR,3,Orlando Gill
Paraguay,PAR,4,Gustavo Gomez
Paraguay,PAR,5,Fabián Balbuena
Paraguay,PAR,6,Juan José Cáceres
Paraguay,PAR,7,Omar Alderete
Paraguay,PAR,8,Junior Alonso
Paraguay,PAR,9,Mathías Villasanti
Paraguay,PAR,10,Diego Gomez
Paraguay,PAR,11,Damián Bobadilla
Paraguay,PAR,12,Andres Cubas
Paraguay,PAR,13,Team Photo
Paraguay,PAR,14,Matias Galarza Fonda
Paraguay,PAR,15,Julio Enciso
Paraguay,PAR,16,Alejandro Romero Gamarra
Paraguay,PAR,17,Miguel Almirón
Paraguay,PAR,18,Ramon Sosa
Paraguay,PAR,19,Angel Romero
Paraguay,PAR,20,Antonio Sanabria
Portugal,POR,1,Emblem
Portugal,POR,2,Diogo Costa
Portugal,POR,3,Jose Sa
Portugal,POR,4,Ruben Dias
Portugal,POR,5,João Cancelo
Portugal,POR,6,Diogo Dalot
Portugal,POR,7,Nuno Mendes
Portugal,POR,8,Gonçalo Inácio
Portugal,POR,9,Bernardo Silva
Portugal,POR,10,Bruno Fernandes
Portugal,POR,11,Ruben Neves
Portugal,POR,12,Vitinha
Portugal,POR,13,Team Photo
Portugal,POR,11,João Neves
Portugal,POR,15,Cristiano Ronaldo
Portugal,POR,16,Francisco Trincao
Portugal,POR,17,João Felix
Portugal,POR,18,Gonçalo Ramos
Portugal,POR,19,Pedro Neto
Portugal,POR,20,Rafael Leão
Qatar,QAT,1,Emblem
Qatar,QAT,2,Meshaal Barsham
Qatar,QAT,3,Sultan Albrake
Qatar,QAT,4,Lucas Mendes
Qatar,QAT,5,Homam Ahmed
Qatar,QAT,6,Boualem Khoukhi
Qatar,QAT,7,Pedro Miguel
Qatar,QAT,8,Tarek Salman
Qatar,QAT,9,Mohamed Al-Mannai
Qatar,QAT,10,Karim Boudiaf
Qatar,QAT,11,Assim Madibo
Qatar,QAT,12,Ahmed Fatehi
Qatar,QAT,13,Team Photo
Qatar,QAT,14,Mohammed Waad
Qatar,QAT,15,Abdulaziz Hatem
Qatar,QAT,16,Hassan Al-Haydos
Qatar,QAT,17,Edmilson Junior
Qatar,QAT,18,Akram Hassan Afif
Qatar,QAT,19,Ahmed Al Ganehi
Qatar,QAT,20,Almoez Ali
South Africa,RSA,1,Emblem
South Africa,RSA,2,Ronwen Williams
South Africa,RSA,3,Sipho Chaine
South Africa,RSA,4,Aubrey Modiba
South Africa,RSA,5,Samukele Kabini
South Africa,RSA,6,Mbekezeli Mbokazi
South Africa,RSA,7,Khulumani Ndamane
South Africa,RSA,8,Siyabonga Ngezana
South Africa,RSA,9,Khuliso Mudau
South Africa,RSA,10,Nkosinathi Sibisi
South Africa,RSA,11,Teboho Mokoena
South Africa,RSA,12,Thalente Mbatha
South Africa,RSA,13,Team Photo
South Africa,RSA,14,Bathasi Aubaas
South Africa,RSA,15,Yaya Sithole
South Africa,RSA,16,Sipho Mbule
South Africa,RSA,17,Lyle Foster
South Africa,RSA,18,Iqraam Rayners
South Africa,RSA,19,Mohau Nkota
South Africa,RSA,20,Oswin Appollis
Scotland,SCO,1,Emblem
Scotland,SCO,2,Angus Gunn
Scotland,SCO,3,Jack Hendry
Scotland,SCO,4,Kieran Tierney
Scotland,SCO,5,Aaron Hickey
Scotland,SCO,6,Andrew Robertson
Scotland,SCO,7,Scott McKenna
Scotland,SCO,8,John Souttar
Scotland,SCO,9,Anthony Ralston
Scotland,SCO,10,Grant Hanley
Scotland,SCO,11,Scott McTominay
Scotland,SCO,12,Billy Gilmour
Scotland,SCO,13,Team Photo
Scotland,SCO,14,Lewis Ferguson
Scotland,SCO,15,Ryan Christie
Scotland,SCO,16,Kenny McLean
Scotland,SCO,17,John McGinn
Scotland,SCO,18,Lyndon Dykes
Scotland,SCO,19,Che Adams
Scotland,SCO,20,Ben Gannon-Doak
Senegal,SEN,1,Emblem
Senegal,SEN,2,Eduardo Mendy
Senegal,SEN,3,Yehvann Diouf
Senegal,SEN,4,Moussa Niakhaté
Senegal,SEN,5,Abdoulaye Seck
Senegal,SEN,6,Ismail Jakobs
Senegal,SEN,7,El Hadji Malick Diouf
Senegal,SEN,8,Kalidou Koulibaly
Senegal,SEN,9,Idrissa Gana Gueye
Senegal,SEN,10,Pape Matar Sarr
Senegal,SEN,11,Pape Gueye
Senegal,SEN,12,Habib Diarra
Senegal,SEN,13,Team Photo
Senegal,SEN,14,Lamine Camara
Senegal,SEN,15,Sadio Mane
Senegal,SEN,16,Ismaïla Sarr
Senegal,SEN,17,Boulaye Dia
Senegal,SEN,18,Iliman Ndiaye
Senegal,SEN,19,Nicolas Jackson
Senegal,SEN,20,Krepin Diatta
Switzerland,SUI,1,Emblem
Switzerland,SUI,2,Gregor Kobel
Switzerland,SUI,3,Yvon Mvogo
Switzerland,SUI,4,Manuel Akanji
Switzerland,SUI,5,Ricardo Rodriguez
Switzerland,SUI,6,Nico Elvedi
Switzerland,SUI,7,Aurèle Amenda
Switzerland,SUI,8,Silvan Widmer
Switzerland,SUI,9,Granit Xhaka
Switzerland,SUI,10,Denis Zakaria
Switzerland,SUI,11,Remo Freuler
Switzerland,SUI,12,Fabian Rieder
Switzerland,SUI,13,Team Photo
Switzerland,SUI,14,Ardon Jashari
Switzerland,SUI,15,Johan Manzambi
Switzerland,SUI,16,Michel Aebischer
Switzerland,SUI,17,Breel Embolo
Switzerland,SUI,18,Ruben Vargas
Switzerland,SUI,19,Dan Ndoye
Switzerland,SUI,20,Zeki Amdouni
Sweden,SWE,1,Emblem
Sweden,SWE,2,Victor Johansson
Sweden,SWE,3,Isak Hien
Sweden,SWE,4,Gabriel Gudmundsson
Sweden,SWE,5,Emil Holm
Sweden,SWE,6,Victor Nilsson Lindelöf
Sweden,SWE,7,Gustaf Lagerbielke
Sweden,SWE,8,Lucas Bergvall
Sweden,SWE,9,Hugo Larsson
Sweden,SWE,10,Jesper Karlström
Sweden,SWE,11,Yasin Ayari
Sweden,SWE,12,Mattias Svanberg
Sweden,SWE,13,Team Photo
Sweden,SWE,14,Daniel Svensson
Sweden,SWE,15,Ken Sema
Sweden,SWE,16,Roony Bardghji
Sweden,SWE,17,Dejan Kulusevski
Sweden,SWE,18,Anthony Elanga
Sweden,SWE,19,Alexander Isak
Sweden,SWE,20,Viktor Gyökeres
Tunisia,TUN,1,Emblem
Tunisia,TUN,2,Bechir Ben Said
Tunisia,TUN,3,Aymen Dahmen
Tunisia,TUN,4,Van Valery
Tunisia,TUN,5,Montassar Talbi
Tunisia,TUN,6,Yassine Meriah
Tunisia,TUN,7,Ali Abdi
Tunisia,TUN,8,Dylan Bronn
Tunisia,TUN,9,Ellyes Skhiri
Tunisia,TUN,10,Aissa Laidouni
Tunisia,TUN,11,Ferjani Sassi
Tunisia,TUN,12,Mohamed Ali Ben Romdhane
Tunisia,TUN,13,Team Photo
Tunisia,TUN,14,Hannibal Mejbri
Tunisia,TUN,15,Elias Achouri
Tunisia,TUN,16,Elias Saad
Tunisia,TUN,17,Hazem Mastouri
Tunisia,TUN,18,Ismael Gharbi
Tunisia,TUN,19,Sayfallah Ltaief
Tunisia,TUN,20,Naim Sliti
Türkiye,TUR,1,Emblem
Türkiye,TUR,2,Ugurcan Cakir
Türkiye,TUR,3,Mert Muldur
Türkiye,TUR,4,Zeki Celik
Türkiye,TUR,5,Abdulkerim Bardakci
Türkiye,TUR,6,Caglar Soyunku
Türkiye,TUR,7,Merih Demiral
Türkiye,TUR,8,Ferdi Kadioglu
Türkiye,TUR,9,Kaan Ayhan
Türkiye,TUR,10,Ismail Yuksek
Türkiye,TUR,11,Hakan Calhanoglu
Türkiye,TUR,12,Orkun Kokcu
Türkiye,TUR,13,Team Photo
Türkiye,TUR,14,Arda Guler
Türkiye,TUR,15,Irfan Can Kahvecu
Türkiye,TUR,16,Yunus Akgun
Türkiye,TUR,17,Can Uzun
Türkiye,TUR,18,Baris Alper Yilmaz
Türkiye,TUR,19,Kerem Akturkoglu
Türkiye,TUR,20,Kenan Yildiz
Uruguay,URU,1,Emblem
Uruguay,URU,2,Sergio Rochet
Uruguay,URU,3,Santiago Mele
Uruguay,URU,4,Ronald Araujo
Uruguay,URU,5,José María Giménez
Uruguay,URU,6,Sebastian Caceres
Uruguay,URU,7,Mathias Olivera
Uruguay,URU,8,Guillermo Varela
Uruguay,URU,9,Nahitan Nandez
Uruguay,URU,10,Federico Valverde
Uruguay,URU,11,Giorgian De Arrascaeta
Uruguay,URU,12,Rodrigo Bentancur
Uruguay,URU,13,Team Photo
Uruguay,URU,14,Manuel Ugarte
Uruguay,URU,15,Nicolás de la Cruz
Uruguay,URU,16,Maxi Araujo
Uruguay,URU,17,Darwin Núñez
Uruguay,URU,16,Federico Viñas
Uruguay,URU,17,Rodrigo Aguirre
Uruguay,URU,16,Facundo Pellistri
United States,USA,1,Emblem
United States,USA,2,Matt Freese
United States,USA,3,Chris Richards
United States,USA,4,Tim Ream
United States,USA,5,Mark McKenzie
United States,USA,6,Alex Freeman
United States,USA,7,Antonee Robinson
United States,USA,8,Tyler Adams
United States,USA,9,Tanner Tessmann
United States,USA,10,Weston McKennie
United States,USA,11,Christian Roldan
United States,USA,12,Timothy Weah
United States,USA,13,Team Photo
United States,USA,14,Diego Luna
United States,USA,15,Malim Tillman
United States,USA,16,Christian Pulisic
United States,USA,17,Brenden Aaronson
United States,USA,18,Ricardo Pepi
United States,USA,19,Haji Wright
United States,USA,20,Folarin Balogun
Uzbekistan,UZB,1,Emblem
Uzbekistan,UZB,2,Utkir Yusupov
Uzbekistan,UZB,3,Farrukh Savfiev
Uzbekistan,UZB,4,Sherzod Nasrullaev
Uzbekistan,UZB,5,Umar Eshmurodov
Uzbekistan,UZB,6,Husniddin Aliqulov
Uzbekistan,UZB,7,Rustamjon Ashurmatov
Uzbekistan,UZB,8,Khojiakbar Alijonov
Uzbekistan,UZB,9,Abdukodir Khusanov
Uzbekistan,UZB,10,Odiljon Hamrobekov
Uzbekistan,UZB,11,Otabek Shukurov
Uzbekistan,UZB,12,Jamshid Iskanderov
Uzbekistan,UZB,13,Team Photo
Uzbekistan,UZB,14,Azizbek Turgunboev
Uzbekistan,UZB,15,Khojimat Erkinov
Uzbekistan,UZB,16,Eldor Shomurodov
Uzbekistan,UZB,17,Oston Urunov
Uzbekistan,UZB,18,Jaloliddin Masharipov
Uzbekistan,UZB,19,Igor Sergeev
Uzbekistan,UZB,20,Abbosbek Fayzullaev
Italy 1934,FWC,9,Team Photo
Uruguay 1950,FWC,10,Team Photo
West Germany 1954,FWC,11,Team Photo
Brazil 1962,FWC,12,Team Photo
West Germany 1974,FWC,13,Team Photo
Argentina 1986,FWC,14,Team Photo
Brazil 1994,FWC,15,Team Photo
Brazil 2002,FWC,16,Team Photo
Italy 2006,FWC,17,Team Photo
Germany 2014,FWC,18,Team Photo
Argentina 2022,FWC,19,Team Photo
Argentina,ARG,1,Team Photo
Australia,AUS,1,Team Photo
Belgium,BEL,1,Team Photo
Brazil,BRA,1,Team Photo
Canada,CAN,1,Team Photo
Ivory Coast,CIV,1,Team Photo
Colombia,COL,1,Team Photo
Croatia,CRO,1,Team Photo
England,ENG,1,Team Photo
Spain,ESP,1,Team Photo
France,FRA,1,Team Photo
Germany,GER,1,Team Photo
Ghana,GHA,1,Team Photo
Japan,JAP,1,Team Photo
South Korea,KOR,1,Team Photo
Saudi Arabia,RSA,1,Team Photo
Morocco,MAR,1,Team Photo
Mexico,MEX,1,Team Photo
Netherlands,NED,1,Team Photo
Norway,NOR,1,Team Photo
Panama,PAN,1,Team Photo
Qatar,QAT,1,Team Photo
Senegal,SEN,1,Team Photo
Switzerland,SUI,1,Team Photo
Tunisia,TUN,1,Team Photo
Uruguay,URU,1,Team Photo
United States,USA,1,Team Photo
Uzbekistan,UZB,1,Team Photo
Spain,ESP,1,Emblem
Spain,ESP,2,Unai Simon
Spain,ESP,3,Robin Le Normand
Spain,ESP,4,Aymeric Laporte
Spain,ESP,7,Dani Carvajal
Spain,ESP,11,Pedri
Spain,ESP,13,Team Photo
Spain,ESP,14,Mikel Merino
Spain,ESP,15,Lamine Yamal
Argentina,ARG,1,Emblem
Argentina,ARG,8,Enzo Fernandez
Argentina,ARG,9,Alexis Mac Allister
Argentina,ARG,10,Rodrigo De Paul
Argentina,ARG,12,Leandro Paredes
Argentina,ARG,13,Team Photo
Argentina,ARG,14,Nico Paz
Argentina,ARG,15,Franco Mastantuono
Argentina,ARG,16,Nico Gonzalez
Argentina,ARG,17,Lionel Messi
Argentina,ARG,18,Lautaro Martinez
Argentina,ARG,19,Julian Alvarez
Germany,GER,1,Emblem
Germany,GER,2,Marc-André ter Stegen
Germany,GER,3,Jonathan Tah
Germany,GER,5,Nico Schlotterbeck
Germany,GER,6,Antonio Rüdiger
Germany,GER,7,Waldemar Anton
Germany,GER,9,Maximilian Mittelstadt
Germany,GER,16,Serge Gnabry
Germany,GER,20,Nick Woltemade
Mexico,MEX,1,Emblem
Mexico,MEX,2,Luis Malagón
Mexico,MEX,3,Johan Vasquez
Mexico,MEX,4,Jorge Sánchez
Mexico,MEX,5,Cesar Montes
Mexico,MEX,6,Jesus Gallardo
Mexico,MEX,7,Israel Reyes
Mexico,MEX,8,Diego Lainez
Mexico,MEX,9,Carlos Rodriguez
Mexico,MEX,10,Edson Alvarez
Mexico,MEX,11,Orbelin Pineda
Mexico,MEX,12,Marcel Ruiz
Mexico,MEX,13,Team Photo
Mexico,MEX,14,Érick Sánchez
Mexico,MEX,15,Hirving Lozano
Mexico,MEX,16,Santiago Giménez
Mexico,MEX,17,Raúl Jiménez
Mexico,MEX,18,Alexis Vega
Mexico,MEX,19,Roberto Alvarado
Mexico,MEX,20,Cesar Huerta
South Africa,RSA,1,Emblem
South Africa,RSA,2,Ronwen Williams
South Africa,RSA,3,Sipho Chaine
South Africa,RSA,4,Aubrey Modiba
South Africa,RSA,5,Samukele Kabini
South Africa,RSA,6,Mbekezeli Mbokazi
South Africa,RSA,7,Khulumani Ndamane
South Africa,RSA,8,Siyabonga Ngezana
South Africa,RSA,9,Khuliso Mudau
South Africa,RSA,10,Nkosinathi Sibisi
South Africa,RSA,11,Teboho Mokoena
South Africa,RSA,12,Thalente Mbatha
South Africa,RSA,13,Team Photo
South Africa,RSA,14,Bathasi Aubaas
South Africa,RSA,15,Yaya Sithole
South Africa,RSA,16,Sipho Mbule
South Africa,RSA,17,Lyle Foster
South Africa,RSA,18,Iqraam Rayners
South Africa,RSA,19,Mohau Nkota
South Africa,RSA,20,Oswin Appollis
South Korea,KOR,1,Emblem
South Korea,KOR,2,Hyeon-woo Jo
South Korea,KOR,3,Seung-Gyu Kim
South Korea,KOR,4,Min-jae Kim
South Korea,KOR,5,Yu-min Cho
South Korea,KOR,6,Young-woo Seol
South Korea,KOR,7,Han-beom Lee
South Korea,KOR,8,Tae-seok Lee
South Korea,KOR,9,Myung-jae Lee
South Korea,KOR,10,Jae-sung Lee
South Korea,KOR,11,In-beom Hwang
South Korea,KOR,12,Kang-in Lee
South Korea,KOR,13,Team Photo
South Korea,KOR,14,Seung-ho Paik
South Korea,KOR,15,Jens Castrop
South Korea,KOR,16,Dongg-yeong Lee
South Korea,KOR,17,Gue-sung Cho
South Korea,KOR,18,Heung-min Son
South Korea,KOR,19,Hee-chan Hwang
South Korea,KOR,20,Hyeon-Gyu Oh
Czechia,CZE,1,Emblem
Czechia,CZE,2,Matej Kovar
Czechia,CZE,3,Jindrich Stanek
Czechia,CZE,4,Ladislav Krejci
Czechia,CZE,5,Vladimir Coufal
Czechia,CZE,6,Jaroslav Zeleny
Czechia,CZE,7,Tomas Holes
Czechia,CZE,8,David Zima
Czechia,CZE,9,Michal Sadilek
Czechia,CZE,10,Lukas Provod
Czechia,CZE,11,Lukas Cerv
Czechia,CZE,12,Tomas Soucek
Czechia,CZE,13,Team Photo
Czechia,CZE,14,Pavel Sulc
Czechia,CZE,15,Matej Vydra
Czechia,CZE,16,Vasil Kusej
Czechia,CZE,17,Tomas Chory
Czechia,CZE,18,Vacilav Cerny
Czechia,CZE,19,Adam Hlozek
Czechia,CZE,20,Patrik Schick
England,ENG,1,Emblem
England,ENG,2,Jordan Pickford
England,ENG,3,John Stones
England,ENG,4,Maric Guéhi
England,ENG,5,Ezri Konsa
England,ENG,6,Trent Alexander-Arnold
England,ENG,7,Reece James
England,ENG,8,Dan Burn
England,ENG,9,Jordan Henderson
England,ENG,10,Declan Rice
England,ENG,11,Jude Bellingham
England,ENG,12,Cole Palmer
England,ENG,13,Team Photo
England,ENG,14,Morgan Rogers
England,ENG,15,Anthony Gordon
England,ENG,16,Phil Foden
England,ENG,17,Bukayo Saka
England,ENG,18,Harry Kane
England,ENG,19,Marcus Rashford
England,ENG,20,Ollie Watkins
Croatia,CRO,1,Emblem
Croatia,CRO,2,Dominik Livaković
Croatia,CRO,3,Duje Caleta-Car
Croatia,CRO,4,Josko Gvardiol
Croatia,CRO,5,Josip Stanišić
Croatia,CRO,6,Luka Vušković
Croatia,CRO,7,Josip Sutalo
Croatia,CRO,8,Kristijan Jakic
Croatia,CRO,9,Luka Modrić
Croatia,CRO,10,Mateo Kovacic
Croatia,CRO,11,Martin Baturina
Croatia,CRO,12,Lovro Majer
Croatia,CRO,13,Team Photo
Croatia,CRO,14,Mario Pasalic
Croatia,CRO,15,Petar Sucic
Croatia,CRO,16,Ivan Perišić
Croatia,CRO,17,Marco Pasalic
Croatia,CRO,18,Ante Budimir
Croatia,CRO,19,Andrej Kramarić
Croatia,CRO,20,Franjo Ivanovic
Ghana,GHA,1,Emblem
Ghana,GHA,2,Lawrence Ati Zigi
Ghana,GHA,3,Tariq Lamptey
Ghana,GHA,4,Mohammed Salisu
Ghana,GHA,5,Alidu Seidu
Ghana,GHA,6,Alexander Djiku
Ghana,GHA,7,Gideon Mensah
Ghana,GHA,8,Caleb Yirenkyi
Ghana,GHA,9,Abdul Issahaku Fatawu
Ghana,GHA,10,Thomas Partey
Ghana,GHA,11,Salis Abdul Samed
Ghana,GHA,12,Kamaldeen Sulemana
Ghana,GHA,13,Team Photo
Ghana,GHA,14,Mohammed Kudus
Ghana,GHA,15,Inaki Williams
Ghana,GHA,16,Jordan Ayew
Ghana,GHA,17,Andrew Ayew
Ghana,GHA,18,Joseph Paintsil
Ghana,GHA,19,Osman Bukari
Ghana,GHA,20,Antoine Semenyo
Panama,PAN,1,Emblem
Panama,PAN,2,Orlando Mosquera
Panama,PAN,3,Luis Mejia
Panama,PAN,4,Fidel Escobar
Panama,PAN,5,Andres Andrade
Panama,PAN,6,Michael Amir Murillo
Panama,PAN,7,Eric Davis
Panama,PAN,8,Jose Cordoba
Panama,PAN,9,Cesar Blackman
Panama,PAN,10,Cristian Martinez
Panama,PAN,11,Aníbal Godoy
Panama,PAN,12,Adalberto Carrasquilla
Panama,PAN,13,Team Photo
Panama,PAN,14,Édgar Bárcenas
Panama,PAN,15,Carlos Harvey
Panama,PAN,16,Ismael Díaz
Panama,PAN,17,Jose Fajardo
Panama,PAN,18,Cecilio Waterman
Panama,PAN,19,Jose Luiz Rodriguez
Panama,PAN,20,Alberto Quintero
Bosnia and Herzegovina,BIH,11,Ivan Sunjic
Bosnia and Herzegovina,BIH,12,Ivan Basic
